,MP,SP,SP_primal
1.0,10168.345075287723,7797.911042514903,
2.0,10208.278903540455,9783.659782300492,
3.0,10210.383085248384,9763.087360272199,
4.0,10210.35972352829,9760.038452759853,
