,MP,SP,SP_primal
1.0,8972.449561380512,8511.368652647445,
2.0,8972.449561380512,8973.762397690643,8972.44956138052
