,MP,SP,SP_primal
1.0,19632.540400432947,19616.08444369674,19616.084443696785
2.0,19632.540400432954,19616.084443696745,19616.08444369678
