,MP,SP,SP_primal
1.0,7874.183005630907,7874.183005630919,7874.183005630916
2.0,7874.183005630908,7874.183005630919,7874.183005630916
