,MP,SP,SP_primal
1.0,19791.162007164003,22204.04321258798,
2.0,19791.162007164003,19827.77751686756,19828.26305648411
3.0,19791.162007164,19788.58026510999,19788.580263641517
